Visibility,RH_5,Windspeed,RH_out
43.833333,55.03,5.333333,92.0
63.0,55.2,7.0,92.0
40.0,56.933333,6.0,88.5
